author,year,r,metric_type,variance,fisher_z,var_z,df,df_source,n,n_predictors,variance_formula,lambda_applied,beta_in_range,confidence,flagged,source_stat,source_value,notes,r_legacy,delta_r
Lu & Beamish,2004,0.24,zero_order,0.0038613815652173912,0.2447741126593529,0.0043859649122807015,,not_applicable,231,,(1-r^2)^2/(n-1),,,1.0,False,r,0.24,,0.24,0.0
Kotabe et al.,2002,0.15,zero_order,0.005491415229885058,0.15114043593646678,0.005813953488372093,,not_applicable,175,,(1-r^2)^2/(n-1),,,1.0,False,r,0.15,,0.15,0.0
Contractor et al.,2003,0.14280013610135417,partial,0.0043619639590124605,0.14378284231308472,0.0045662100456621,220,derived,231,10,(1-r^2)^2/df,,,0.8,False,t,2.14,Tương quan riêng phần: không gộp chung với r bậc không nếu chưa mã hóa metric_type làm biến điều tiết.,0.1400220134012697,0.0027781227000844566
Pangarkar,2008,0.16983330778368358,partial,0.00714503965237928,0.17149501552009455,0.007633587786259542,132,derived,142,9,(1-r^2)^2/df,,,0.8,False,t,1.98,Tương quan riêng phần: không gộp chung với r bậc không nếu chưa mã hóa metric_type làm biến điều tiết.,0.16504562308210766,0.004787684701575923
Chiao & Yang,2011,0.2264,partial,0.0035160677966736,0.23039169170925988,0.00392156862745098,256,derived,268,11,(1-r^2)^2/df,True,True,0.6,True,beta,0.18,Suy từ beta: đưa vào phân tích độ nhạy riêng. Quy đổi từ beta có thể gây chệch đáng kể khi ước lượng hiệu ứng tổng thể.,0.1764,0.04999999999999999
Denis et al.,2002,-0.21559999999999999,partial,0.0030716012930976,-0.2190369833602234,0.003389830508474576,296,derived,310,13,(1-r^2)^2/df,True,True,0.6,True,beta,-0.22,Suy từ beta: đưa vào phân tích độ nhạy riêng. Quy đổi từ beta có thể gây chệch đáng kể khi ước lượng hiệu ứng tổng thể.,-0.21559999999999999,0.0
Xiao et al.,2013,-0.03038,partial,0.0052812431906156905,-0.030389351529402177,0.005319148936170213,189,derived,198,8,(1-r^2)^2/df,True,True,0.6,True,beta,-0.031,Suy từ beta: đưa vào phân tích độ nhạy riêng. Quy đổi từ beta có thể gây chệch đáng kể khi ước lượng hiệu ứng tổng thể.,-0.03038,0.0
Nghien cuu X,2015,0.3832,partial,0.008769616427086959,0.4038050560599805,0.012195121951219513,83,derived,96,12,(1-r^2)^2/df,True,True,0.6,True,beta,0.34,Suy từ beta: đưa vào phân tích độ nhạy riêng. Quy đổi từ beta có thể gây chệch đáng kể khi ước lượng hiệu ứng tổng thể.,0.3332,0.04999999999999999
Nghien cuu Y,2018,0.292103118918493,partial,0.012487041200246943,0.3008640298330015,0.015151515151515152,67,derived,80,12,(1-r^2)^2/df,,,0.8,False,t,2.5,Tương quan riêng phần: không gộp chung với r bậc không nếu chưa mã hóa metric_type làm biến điều tiết.,0.27236735535142165,0.01973576356707135
